Anr;ArtName;ArtBesch
1;PENISPUMPE AUTOMATIC PENIS PUMP;Automatische Penispumpe mit An/Aus-Schalter und Knopf zum Auflösen des Vakuums. Die Silikonmanschette ist zur Reinigung abnehmbar. Gesamtlänge ca. 24 cm, Durchmesser 5,7 cm, Durchmesser Manschette 2,8 cm. Schwarz/transparent. Material: Silikon, ABS, phthalatfrei gemäß EU-Verordnung 1907/2006/EC.
2;PENISPUMPE AUTO-PUMP;ie Auto-Pump Penispumpe besteht aus hochwertigem ABS und TPE. Dadurch kann man IHM, wie ER in unbekannte Größen wächst, zusehen. Was für ein unbeschreibliches Erlebnis! Über die Skala kann man den Erfolg ablesen. Nach dem Gebrauch läßt sich die latex- und phtalatfreie Pumpe leicht zerlegen und reinigen. Inklusive PSI-Meter mit LCD-Anzeige zur genauen Druckkontrolle. Das Display zeigt bis auf 2 Nachkommastellen genau an. Mit der batteriebetrieben Pumpe kann man den Druck individuell und einfach anpassen und sieht einfach nur zu, wie die Pumpe arbeitet. Dies funktioniert einfach über einen einzelnen Druckknopf. Zur Sicherheit gibt es einen weitereren Knopf zum Druckausgleich. Länge: 31 cm Innen-Ø: 6,3cm Zylinderlänge: 20 cm Durchmesser: innen 6,3 cm Farbe: schwarz/transparent Material: ABS, TPE
3;BONERS - PENISPUMPE NR.2;Verschaffen Sie Ihrem Penis mit dieser Penispumpe von Boners mehr Volumen. Tragen Sie etwas Gleitgel auf Wasserbasis auf die Öffnung und Ihren Penis auf und lassen Ihren Penis nach innen gleiten! Nehmen Sie die Fingerpumpe und beginnen mit dem Pumpen und Sie sehen zu, wie Ihr Penis jedes Mal ein bisschen an Größe zunimmt. Mit dem Luftdruckentriegelungsknopf können Sie jederzeit das Vakuum freigeben. Die Pumpe hat eine große Größe und ist somit ideal für erfahrene Benutzer.
4;PENISPUMPE PRECISION PUMP INTERMEDIATE 1;Luxuriöse Penispumpe mit neuartigem Pumpengriff für großartige Pumpergebnisse. Den Erfolg kannst du an der Zentimeterskala ablesen. Zylinder mit Manschette und Ablassventil. Die Precision Pump Intermediate 1 bietet im Zylinder mit bis zu 23 cm Länge und 5,5 cm Durchmesser viel Platz zum ausdehnen. Eine TOP Penispumpe in California Exotics Markenqualität. Material: ABS, Silikon, PVC Länge: ca. 23 cm Durchmesser: ca. 5,5 cm Farbe: schwarz, silber
5;BLACK POWER PUMP - PENISPUMPE;Für ein lustvolles Potenz-Training! Einfach Glied in die Penispumpe einführen und pumpen: Sofort sichtbar wird Dein Penis groß und stark. Jetzt schaltest Du noch zusätzlich die Eichel-Vibration ein für ein erregendes »Blow-Job«-Feeling. Wiederholtes Training kann Dein Glied dauerhaft stärker, härter und länger werden lassen. Pumpe mit Mess-skala bis 20 cm und Ablassventil. 34 cm Gesamtlänge, Ø 6 cm - mit Manschette 3 cm (dehnbar). 2 Mignon-Batterien erforderlich
6;P3 PENISPUMPE CLEAR;Die P3 Penispumpe ist nicht nur wahnsinnig schick, nein, sie ist auch noch die erste Penispumpe mit einem flexiblen, aber dennoch stabilen Zylinder. Somit kann sie nicht so leicht kaputtgehen, wenn sie einem mal aus der glubschigen Hand rutscht. Über den Pumpball erzeugst Du das Vakuum. Ist der Druck so wie du es magst,kannst du den Schlauch abnehmen. Der Druck ist dann über das an der Pumpe befindliche Ventil regulierbar. Die ca. 20,0 cm lange (Durchmesser ca. 5,8 cm) Pumpe ist in Form eines Penis gestaltet und mit einem Vakuumzylinder und einem Reductions-Ring versehen. Bewährte Qualität von Doc Johnson.
7;PENISPUMPE MR. BIG;Trainiere IHN in Hochform! Penispumpe mit Scherengriffpumpe und Sicherheitsventil. Pumpenlänge ca. 32 cm, Einführtiefe ca. 29 cm, Ø ca. 6,5 cm. Material: ABS (Pumpe, Scherengriff), TPE (Manschetten), PVC (Schlauch). Inklusive 3 Sleeves (Ø 2,5 cm, 3 cm und 3,5 cm).
8;PENISPUMPE AUTOMATIC POWER;Penispumpe für Anspruchsvolle! Transparenter Zylinder mit enger Manschette und batteriebetriebenem Bedienteil, das per ON/OFF-Funktion das Potenz-Vakuum erzeugt. An der Zentimeterskala können Sie den Erfolg ablesen. Ablass-Funktion per Push-Taste regelbar. Zylinder 22 cm lang, Ø innen ca. 5,5 cm. Material: Silikon (Manschette), ABS (Zylinder), PVC (Schlauch), phthalatfrei gemäß EU-Verordnung 1907/2006/EC. (Batterien bitte extra bestellen: 2 x Mignon/AA) 2x Mignon-Batterie erforderlich
9;MASTER GAUGE PENISPUMPE;Hochwertige Penispumpe mit Unterdruckanzeige und starker Hand-Zug-Pumpe. Mit einem Durchmesser von 7cm ist der Pumpzylinder auch für stark gebaute geeignet. Maße des Zylinders: Länge: 29 cm Nutzlänge: 21 cm Durchmesser: 7 cm
10;PENISPUMPE SMILE BLUE;Penispumpe mit blau-transparentem Zylinder und Messskala, an der Sie die Erfolge des Pumpens mit der handlichen Ballpumpe ablesen können. Zylinder ca. 24 cm lang, Ø 3,7 cm bis 4,5 cm. Mit dehnbarer Silikon-Manschette. Material: ABS/Silikon, phthalatfrei gemäß EU-Verordnung 1907/2006/EC.
11;POWER PUMP PENISPUMPE MIT VIBRATION;Trainiert IHN lustvoll in steife Hochform! Penispumpe aus festem Gleitmaterial mit kraftvoller Vibration für steile Erektionen und mehr. Dein bestes Stück durch die enge Latex-Manschette in den Klarsicht-Zylinder einführen und erzeuge mit der Pumpe ein erregendes Potenz-Vakuum. Du siehst durch den Zylinder Deinen Penis imposant anwachsen. Dann schaltest Du die stufenlos regelbare Vibration des Vibro-Eies ein - Ekstase-Feeling pur. Farbe: Transparent/Schwarz. Zylinder 19 cm tief, Innen-Ø 5 cm. Abnehmbares Vibro-Ei und Steuerungsgerät sind am Elastikband an der Pumpe befestigt. 2 Mignon-Batterien erforderlich
12;PENISPUMPE PRECISION PUMP STANDARD;Penispumpe mit Blasebalg für großartige Pumpergebnisse. Den Erfolg kannst du an der Zentimeterskala ablesen. Zylinder mit Manschette und Ablassventil. Die Precision Pump Standard bietet im Zylinder mit bis zu 20 cm Länge und 5,5 cm Durchmesser viel Platz zum ausdehnen. Eine TOP Penispumpe in California Exotics Markenqualität. Material: ABS, Silikon, PVC Länge: ca. 20 cm Durchmesser: ca. 5,5 cm Farbe: schwarz, weiss
13;PENISPUMPE - BATHMATE HYDROXTREME5 CLEAR;Erhöhen Sie Länge und Umfang mit dauerhaften Ergebnissen. Starker Zuwachs bei sexueller Ausdauer und Erektionsqualität. Die stärkste Penispumpe, die legal verkauft wird. Ideal für Personen mit einer Penisgröße zwischen 7,5 und 13 cm im erigierten Zustand.
14;TOYJOY PRESSURE PLEASURE PUMP - PENISPUMPE SCHWARZ;Schicke Penispumpe in gewohnt guter ToyJoy Qualität. Hervorragend zur Vergrößerung des Penis und Optimierung des Stehvermögens geeignet. Mit softer, dehnbarer Manschette. Der transparente Zylinder hat eine Innenlänge von ca.21 cm und einen Innendurchmesser von 5,5 cm. Die Stärke des Vakuums lässt sich über das Metallventil reduzieren. Farbe: schwarz Hersteller.
15;PENISPUMPE ENHANCE TRAVEL PUMP SYSTEM;Äußerst kräftige Penispumpe.. optimal für unterwegs. Der Zweigeteile Zylinder wird zusammengeschraubt und der Pumpspaß kann losgehen. Die einhändig bedienbare Handpumpe erzeugt ein starkes Vakuum für eine kräftig Erektion. Den Erfolg kannst du an der Zentimeter-Scala ablesen. Zylinder 22 cm tief, Innen-Ø 5,5 cm, mit Soft-Manschette Ø 2,5 cm (dehnbar) zur perfekten Abdichtung des Vakuums. - incl. Aufbewahrungsbeutel Eine Superstarke Pumpe ideal sowohl für Anfänger aber auch Profis.
16;PENISPUMPE PRECISION PUMP WITH ERECTION ENHANCER BLACK;Penispumpe mit Blasebalg für großartige Pumpergebnisse. Den Erfolg kannst du an der Zentimeterskala ablesen. Zylinder mit Manschette und Ablassventil. Die Precision Pump bietet im Zylinder mit bis zu 20 cm Länge und 5,5 cm Durchmesser viel Platz zum ausdehnen. Der Erection Enhancer hilft dabei, das Blut im Penis zu belassen. Eine TOP Penispumpe in California Exotics Markenqualität. Material: ABS, Silikon, PVC Länge: ca. 20 cm Durchmesser: ca. 5,5 cm Farbe: schwarz
17;PENISPUMPE PRECISION PUMP ADVANCED;Advanced Penispumpe der Luxuskategorie mit Scherengriffpumpe (mit Druckanzeige) für großartige Pumpergebnisse. Den Erfolg kannst du an der Zentimeterskala ablesen. Zylinder mit Manschette und Ablassventil. Die Precision Pump ist auch für stark gebaute Nutzer gut geignet, denn der Zylinder ist 24 cm lang und 8 cm im Durchmesser. Eine TOP Penispumpe in California Exotics Markenqualität.
18;PENISPUMPE YOU2TOYS HORNY DOTS;Transparente Penispumpe mit Pumpball und Ablassventil. Zylinderlänge: 19,5cm. Einführtiefe: ca. 19 cm. Außen-Ø: 5,7 cm. Innen-Ø ca. 4,5 cm. Sleeve ist abnehmbar. Material: Latex, ABS.
19;PENISPUMPE - MISTER BONER VIBRATING POWER PUMP BLACK;Vibro-Penispumpe für ein lustvolles Potenztraining! Der mit Gleitmittel eingecremte Penis wird in den transparenten Zylinder eingeführt (Einführtiefe 22,2 cm, Durchmesser 5,6 cm) und von der weichen Silikon-Manschette an der Wurzel fest umschlossen. Mit der handlichen Pumpe mit integriertem Ablassventil wird ein Unterdruck erzeugt und anhand des transparenten Zylinders mit der Messskala ist die jeweilige Größe des Penis zu erkennen. Phthalatfrei gemäß EU-Verordnung 1907/2006/EC.
20;PENISPUMPE - BATHMATE HYDROEXTREME7 WIDE BOY TRANSPARENT;Perfekt für Penisse mit größerem Umfang!
21;PENISPUMPE XL-SUPER-PUMP GR.S;Macht aus jedem Durchschnitts-Penis einen steifen RIESEN! Und so einfach geht`s: Penis in den Zylinder einführen, Potenz-Vakuum erzeugen und fast sofort schießt das Blut in die Schwellkörper - geil! Die Penispumpe ist mit einer Hand bedienbar, die andere ist frei für lustvolle Aktionen... 17 cm tief, Ø 5 cm. Mit Zentimenter-Skala. Maße: 17 cm tief, Ø 5 cm
22;EASYTOYS PENISPUMPE MIT PUMPBALL - SCHWARZ;Vergrößern Sie Ihren Penis und genießen Sie gleichzeitig eine tolle Stimulation mit dieser Penispumpe aus der Kollektion von EasyToys. Die Pumpe sorgt dafür, dass das Blut in Ihrem Penis bleibt, sodass Ihr Penis anschwillt und sich Ihre Erektion härter anfühlt und länger anhält. Tragen Sie etwas wasserbasiertes Gleitmittel auf Ihren Penis und auf die Öffnung der Pumpe auf und lassen Sie Ihren Penis hineingleiten. Erzeugen Sie mit dem Pumpball ein Vakuum in der Pumpe. Mit der Maßskala an der Seite der Pumpe können Sie den Fortschritt überprüfen. Zylinderlänge: 25cm. Einführtiefe: ca. 20,5 cm. Außen-Durchmesser: 5,5 cm. Innen-Durchmesser ca. 5 cm. Sleeve ist abnehmbar. Material: ABS, TPR
23;PENISPUMPE APOLLO TRAINER KIT BLACK;Für einen stärkeren und härteren Penis den Penis in den Zylinder einführen und mit der Ballpumpe ein erektionsförderndes Vakuum erzeugen... Eine pralle, langanhaltende Erektion ist dir sicher!
24;PENISPUMPE PUMP WORX - BEGINNERS VIBRATING PUMP;Penispumpe mit Vibration - für Anfänger super geeignet. Der Pumpzylinder ist 19 cm lang und 5,5 cm im Durchmesser. Die Vibration ist stufenlos regelbar. In Pipedream wohlfühl Qualität. Incl. Gleitgelprobe, Toycleaner und Penisring 2 Mignon-Batterien erforderlich
25;TOYJOY PRESSURE PLEASURE PUMP - PENISPUMPE PINK;Schicke Penispumpe in gewohnt guter ToyJoy Qualität. Hervorragend zur Vergrößerung des Penis und optimierung des Stehvermögens geeignet. Mit softer, dehnbarer Manschette. Der transparente Zylinder hat eine Innenlänge von ca.21 cm und einen Innendurchmesser von 5,5 cm. Die Stärke des Vakuums lässt sich über das Metallventil reduzieren. Farbe: pink Hersteller: ToyJoy
26;TOYJOY PRESSURE PLEASURE PUMP - PENISPUMPE BLAU;Schicke Penispumpe in gewohnt guter ToyJoy Qualität. Hervorragend zur Vergrößerung des Penis und Optimierung des Stehvermögens geeignet. Mit softer, dehnbarer Manschette. Der transparente Zylinder hat eine Innenlänge von ca.21 cm und einen Innendurchmesser von 5,5 cm. Die Stärke des Vakuums lässt sich über das Metallventil reduzieren. Farbe: blau Hersteller: ToyJoy
27;EASYTOYS PENISPUMPE MIT GRIFF - SCHWARZ;Vergrößern Sie Ihren Penis und genießen Sie gleichzeitig eine tolle Stimulation mit dieser Penispumpe aus der Kollektion von EasyToys. Die Pumpe sorgt dafür, dass das Blut in Ihrem Penis bleibt, sodass Ihr Penis anschwillt und sich Ihre Erektion härter anfühlt und länger anhält. Tragen Sie etwas wasserbasiertes Gleitmittel auf Ihren Penis und auf die Öffnung der Pumpe auf und lassen Sie Ihren Penis hineingleiten. Erzeugen Sie mit dem Griff ein Vakuum in der Pumpe. Mit der Maßskala an der Seite der Pumpe können Sie den Fortschritt überprüfen. Zylinderlänge: 25cm. Einführtiefe: ca. 20,5 cm. Außen-Durchmesser: 5,5 cm. Innen-Durchmesser ca. 5 cm. Sleeve ist abnehmbar. Material: ABS, TPR
28;EASYTOYS PENISPUMPE MIT PUMPBALL - CLEAR;Vergrößern Sie Ihren Penis und genießen Sie gleichzeitig eine tolle Stimulation mit dieser Penispumpe aus der Kollektion von EasyToys. Die Pumpe sorgt dafür, dass das Blut in Ihrem Penis bleibt, sodass Ihr Penis anschwillt und sich Ihre Erektion härter anfühlt und länger anhält. Tragen Sie etwas wasserbasiertes Gleitmittel auf Ihren Penis und auf die Öffnung der Pumpe auf und lassen Sie Ihren Penis hineingleiten. Erzeugen Sie mit dem Pumpball ein Vakuum in der Pumpe. Mit der Maßskala an der Seite der Pumpe können Sie den Fortschritt überprüfen. Zylinderlänge: 25cm. Einführtiefe: ca. 20,5 cm. Außen-Durchmesser: 5,5 cm. Innen-Durchmesser ca. 5 cm. Sleeve ist abnehmbar. Material: ABS, TPR
29;EASYTOYS PENISPUMPE MIT GRIFF - CLEAR;Vergrößern Sie Ihren Penis und genießen Sie gleichzeitig eine tolle Stimulation mit dieser Penispumpe aus der Kollektion von EasyToys. Die Pumpe sorgt dafür, dass das Blut in Ihrem Penis bleibt, sodass Ihr Penis anschwillt und sich Ihre Erektion härter anfühlt und länger anhält. Tragen Sie etwas wasserbasiertes Gleitmittel auf Ihren Penis und auf die Öffnung der Pumpe auf und lassen Sie Ihren Penis hineingleiten. Erzeugen Sie mit dem Griff ein Vakuum in der Pumpe. Mit der Maßskala an der Seite der Pumpe können Sie den Fortschritt überprüfen. Zylinderlänge: 25cm. Einführtiefe: ca. 20,5 cm. Außen-Durchmesser: 5,5 cm. Innen-Durchmesser ca. 5 cm. Sleeve ist abnehmbar. Material: ABS, TPR
30;EASY TOUCH RED - TOYZ4LOVERS PENISPUMPE RED;Eine Pumpe, die wirklich einfach zu bedienen ist. Ihre Erektionen werden nicht mehr dieselben sein, sie werden sich in Größe und Dauer verbessern, dank des Unterdrucks die mit der effizienten Pumpe erzeugt wird. die Easy Touch Penispumpe hat einen transparenten, zylindrischen Körper, der es Ihnen ermöglicht, den Fortschritt des Penis in Echtzeit zu sehen, und besteht aus hochwertigen Materialien, phthalatfrei und sicher. Länge 20 cm, Durchmesser 5,5 cm, Ballpumpe mit Ventil
